trajectory_type,mae_unit,mae_ols,corr_unit,corr_ols,n
stable_correct,4.493606155074161,2.6857716976818846,0.5245437683658858,0.11610470183737459,13800
stable_wrong,4.66039860908536,2.770115901284477,0.6910728155822274,-0.19695173505744104,13800
unstable_correct,4.87581640586473,1.8371625033048289,0.3800116725793587,0.2922625253470635,13800
unstable_wrong,4.208402516772781,1.8910698492750646,0.5247473876193217,0.13349173737580378,13800
