competitor_switch,mae_unit,mae_ols,n
0,4.667395647772407,2.5378071231336614,38956
1,4.300937085888768,1.7162054323161426,16244
